,0,1,2,3,4,5,6,7,8,9
0,Sam went on a blind date,with a guy she met on a dating app,They had dinner and went for a walk,,,,,,,
1,Linda found out that her ex student had passed away and is interested in going to his funeral,He's turning 50,,,,,,,,
2,Ersin has been sick and hasn't heard about Rose's birthday party after work tonight,The entire team is coming so Corin insists that he be there too,Ersin might leave early if he's unwell,,,,,,,
3,Cam wants to catch up with Sam,Sam is very busy now and next week too,She will let Cam know if she has some spare time to meet,Sam,On the following week,,,,,
4,For the visit of Jim's sister this weekend,Kate wants to bake the cake she ate at Emma's,Next time Emma is going to teach Kate how to make cake bottoms,,,,,,,
5,Minnie,Max and Luke are going from Cardiff to Lanzarote on the 2nd of February and coming back on the 9th,The flights are £111 each,Minnie is doing the booking,They'll stay in an inland hotel with a pool and a bar because it's about £200 cheaper than by the beach,They will fly there directly,,,,
6,Cody will come over to Martha's at 7 and they will watch a film then possibly go out,,,,,,,,,
220,Martha refuses to watch a Marvel film this time,Maggie and David will join Nick for the comic con this year,Maggie will dress up as Wonder Woman and David might dress up as Superman,Maggie will call Nick for details,,,,,,
7,Ellie and Hugh are going on a camping trip,Hugh can't find his pillow,but Ellie will bring a spare one,,,,,,,
75,They are taking sandwiches and tomato soup for the road,Lance bought a Philips TV,Ricky and Neil are happy for him,Lance proposed to watch the games together once TV is delivered,but Ricky and Neil will have to bring pizza,,,,,
8,Mary instructs Jennifer on how to prepare a presentation on global warming,Jennifer will give the presentation on Friday,but also gives new possibilities,each making a presentation,,,,,,
98,It'll be her first with such a vast audience,Alice's birthday is in two weeks,She's not outgoing,so they won't be throwing a party for her,but she likes art so Sidney and Oliver decide to take her to the impressionist exhibition and for a coffee,,,,,
9,Julian has two foxes in his garden,The foxes opened some bin bags and made a mess,but they do not bother Julian,,,,,,,
10,Mike is angry because of the dissatisfied customer whose radio broke down after two years of usage,Sue believes that a radio costing 200 should last longer,The device has a warranty and will probably be fixed,,,,,,,
11,Trevor found cheap early bird tickets for the festival,Chelsea cannot afford it and doesn't know if she can go anyway,Trevor is also looking for the accomodation,Ethan and Levy like the big and cheap apartment they had 2 years ago,she's renting an apartment,because the price was raised,,,,
256,Monica was thinking about vacation,Joanna is having a video conference with her,She's trying to look attractive during the conference,She's over thirty,Joanna and Monica find her behavior funny,,,,,
12,She proposed a photo safari in Africa,Floyd agreed to go with Monica,She booked two weeks in Tanzania in July,,,,,,,
13,Vera invited some colleagues from her new job to a get-together party,She is looking for a game,Olga recommends a game called Mafia,Vera wants Olga to join the party on Friday evening,,,,,,
14,Sid has a song stuck in his head and Casie discovers it is Super Girl,,,,,,,,,
15,There is no need to buy plastic cups or cutlery,Around 10 people are coming and Arthur should buy 1 litre of juice and soda per person,The beverages should be of different flavours,Joanne will buy some nachos and Tracy will bring guacamole with 5 avocados,carrots and celery,,,,,
169,hummus,a stomachache and a running nose,Celia couldn't make it to the afternoon with the Collins and Jennifer as she is ill,but doesn't want to meet with Jennifer as it might be contagious,Jennifer will leave a basket with cookies on Celia's terrace,Peter did not,,,,
16,Seth's pet Oreo that he got when he was 10 is feeling worse and they're thinking of putting him down,Tim is busy at work and Susan is on a business trip to Vienna,and he also hasn't got it back,,,,,,,
17,Dee is trying to visit Caron,they decide to go out dressed in a smart casual way,Caron will be at Dee's place around 8,not worry too much and drink tea and water instead of coffee,,,,,,
68,but due unfavorable circumstances both of them decide not to do it several times,Karen is worried about her parents' possible divorce,Her father is stubborn and her mother is too soft,even though Karen tried to encourage her to be more decisive,whereas Josh is feeling under the weather,Sam decided on the features he likes,,,,
316,Finally,30 to watch a thriller at the movies,Stella doesn't want to visit Sandra because she doesn't want to get infected by Sandra's disease,Sandra's doctor prescribed her effective medicines,Stella wants to take Sandra to the cinema for some action movie when she recovers,,,,,
18,"The general questions in ""Who wants to be a millionaire"" were difficult today",Will and Meg,Any woman should be able to answer a question about strobing,Harry laughs at their suggestions,,,,,,
28,The one about strobing and the one about the 1-dollar bill were of special interest to Harry,Bill is bored in class and starts playing Jelly pop suggested by Harry,,,,,,,,
19,Audrey will join Matt studying in one of the campus buildings,,,,,,,,,
70,They will eat at Flaming WOK before studying together,Kristel wants to book tickets for 30 children for the show on Friday,Kristel asks questions about the booking on the website and cinema rules,Jake answers Kristel's questions,Elon Musk set up PayPal,They will meet at the main entrance,,,,
20,Ethan and Abigail exchange ideas about Christmas gifts,They want to buy new Kindle and ebooks for mum,bird-watching set for dad,a bag for granny and a book for uncle Stevie who's coming for Christmas Eve,Uncle Steve is going to spend Christmas with them,The store employee sent him some pictures for reference,,,,
21,Terry is feeling better,Terry reckons the new project will start next week but Adelaide finds it hard to believe,,,,,,,,
22,Seb missed the last race of the season,but he did see Will Smith and Hamilton and he loved it,,,,,,,,
23,Matt fell off his bike and broke his leg on Monday,Matt was released from the hospital yesterday,Simon sprained his toe yesterday,,,,,,,
305,Kate is busy,He usually gets a house with friends,Kate believes her boyfriend's mother dislikes her,,,,,,,
58,but will manage on her own,Tonette went to a psychiatrist,She'll starts in 2-3 months when she gets a raise at work,after sharing a video with her mum,She has 2 cats,Generally the sister is very fit,,,,
24,Logan is flying out to Paris on Saturday to visit his sister,Holly has been there once before,Logan will bring Holly back a souvenir,,,,,,,
25,Karol is looking for recommendations for a Christmas present for his 4-year-old niece,Sylwia suggests a jigsaw puzzle,Monika suggests a whiteboard,marker pens and letter magnets to help the niece learn the alphabet,Karol likes the idea a lot,,,,,
26,Katy needs Brendon's help in the animal association tomorrow morning,They arrange to meet at 8 am to prepare meals for baby kittens and to clean the boxes of dogs and bigger cats,Brendon doesn't mind that as he loves cats,He should bring a snack for the morning and they arrange a lunch later,the 29th to get there by 9 am on Monday,They are happy,,,,
27,Tyler is seeing Ashley for drinks today,Ashley needs to write something and then go to the uni for a while,Tyler doesn't know Warsaw at all as he spent there one night only,Ashley will see Tyler later and they will find some place together,,,,,,
29,Marissa wants to give Gary framed pics of him and his dad as a gift,Paula will send some pics of them to Marissa,,,,,,,,
30,Alfred helps his mother Hetty create a shortcut to a link in her Hotmail,,,,,,,,,
31,Aly and Mick are discussing the current political situation in the UK,,,,,,,,,
32,Curtis wants to throw a stag party for Chris,Alexander suggests hiring strippers,Emory wants to discuss their plans over drinks,,,,,,,
55,He consults with Chris over the phone and he likes the idea,Tom wants to stay home for New Year's Eve,Maggie will ask Tom if Chris and Jane can come over to celebrate New Year's Eve,They are going to have a fun day,,,,,,
168,They will meet at 8 pm on Saturday at the market square,""" It's a Greek name",Mark and Jackie will meet tonight for dinner and movies at Mark's place,,,,,,,
324,Alexander will be 30 minutes late,However,Alexander finds Mr Linda's voice monotonous,Igor fell asleep during the lecture,Casper reckons it's a waste of time,,,,,
33,Tristan found out from an article that each year there are more male than female children born which is linked to an evolutionary theory,Shane alleges an alternative theory linked to female sperms,,,,,,,,
34,John subscribed to Asimov's magazine,Tec did read it and gave John constructive comments,John gave his literature notes to Eric,,,,,,,
300,He is planning on sending them one of his stories,Jimmy offers his help,Jimmy and Alex's teacher requires their class to divide into 2 groups,Marlo,,,,,,
127,Peter did not have time to read it,Peter sent an email explaining 3 options and wants to make a decision,Kim and Luke are confused,Stella is in for Place 2 and she is going with her dogs,,,,,,
35,Brooke failed her third exam and is worried she'll be kicked out of uni,Angela and Emily try to cheer her up,Emily will ask her cousin to tutor Brooke as she needs to resit her exams,,,,,,,
36,Bacallao is tired as he has been working on several reports on HIV and vaccine hesitancy,has rashes and other allergic reactions,,,,,,,,
37,Hector has to return his book tomorrow,because Carmen hasn't returned it to him yet,,,,,,,,
239,He can't do this,Carol is joining them,Harvey and Carol are going skiing next Saturday because Harvey has to work this week,Harvey will drive and Carol will pay for gas and snacks,Jon and Amanda might join them,Nobody except Harvey has skied before,He has a free day tomorrow,,,
38,Matt was starring in the Netflix series called 1983,,,,,,,,,
39,Moore received a letter from Roger with an offer,He will accept the offer if Roger doesn't change the previously established price,including potential clients,Mr,,,,,,
40,Mark's company urgently needs a Polish Translator for a six-month-long internal assignment,00 pm,but only if Julie starts the conversation,,,,,,,
230,Julie agrees to an improvised video conference with Mark and his colleagues,m,because she's too shy,Tracey seems to be very upset,because she was hurt by Julie,Harry wants to talk to her,Mike knew that Julie was not a good person,Harry will inform Mike if he managed to talk to Tracey later on,,
41,Sam is sending Dorothy Tom's photos,Sam and Dorothy are attracted to Tom,Sam wants to look glamorous and act casually to attract Tom,Sam found that Tom is single,,,,,,
42,Andrew's got a sore throat,He has some meetings and hopes he won't have to talk too much in them,Diana has to work at home to prepare classes and translations before noon,,,,,,,
64,then she goes to therapy at 12 and in the afternoon she has school,Ingrid's and Bea's sons are doing well in their new schools,even though Ollie didn't make any friends,Kelly's having problems with Lucas who doesn't like his school,Bea will help her and take care of Ellis,they want to meet,He is a nerd who lives and has always lived with his mother and grandmother,has to move,,
43,Marciano is dissatisfied with his coworkers,Elliot believes that the workplace is limited to earning money and not making friendships,,,,,,,,
193,He focuses on relations with people he likes,Sally is feeling great,Sally doesn't feel the chemistry in her new relationship anymore,Fran suggests that Sally is overthinking the situation and that Sally should give the relationship some time,Sally,start dating,,,,
44,Evie needs to invest the money from Chris' baptism party but doesn't want to try stock exchange as it's too risky,Agatha would go for a deposit as the money is safe in the bank,Evie will check mBank website,,,,,,,
45,Lynn and Martin will probably go to Portugal with their friends,Martin will take care of the hotel,Jane will handle transport and food and Lynn will deal with the best places to visit and to party,He stayed in a hotel in the centre while in Lisbon,,,,,,
46,John lost his weight by exercising in the gym everyday,and being on vegetable juice diet for 4 weeks,Melissa will meet John on Thursday at 4 p,at the health store,,,,,,
155,m,Julia dreamed about a party at a bar,They are enjoying themselves very much,The party will take place on Saturday at Julia's favourite Mexican place,Julia posts in a more genuine way,,,,,
321,so he can tell her about it,He is angry because he lost a match in FIFA,Mary has two kids,Kate had a fight with Chris about refugees,He thinks the U,Kate and Mary do not share this opinion,They are having second thoughts about their friendship,,,
47,Zuza found cheap tickets to Norway at 200 zl and a room at the same price,Zuza will book and pay everything and then Maddy will pay her,,,,,,,,
218,which is available from 14 to 16,Lucy's buying rollerblades for her niece,They have a few scratches,but are in a good condition and are good for beginners,Hannah won't give Lucy any discount,Lucy will think about buying them,,,,
48,Uncle Jason and his children will visit Mom this weekend for Thanksgiving celebration,Mom wants Jake to buy a turkey from the farm near High River,Jake will text Lisa to invite her to the meeting,,,,,,,
49,Mats is giving welcome to a new neighbor,Bobby,,,,,,,,
303,They agree the neighborhood is lovely,Julie has just watched a Japanese horror,She's alone at home and really scared,Paula and Rose are going to come to her place for a spontaneous sleepover,"They'll drink cocoa and watch ""When Harry met Sally",""" Rose will bring cookies",,,,
50,It's nesting season for birds,Renee and Manuel watch them build nests,Some birds are unsuccessful in their endeavours,,,,,,,
225,Some make a lot of mess,The network can be tailored to one's needs,Michaela proposed turning the club into an official association,Jessie is not sure,but might help with the paperwork,Steve is oppose to the idea,Jessie,Steve and Ron will discuss it in person on Monday,They'll meet in the car park after Steve finishes work,
51,David met Alysa at the club last night and wants to see her again,Alysa will see him tomorrow at the club 6 pm,,,,,,,,
52,Luisa will do the shopping with her husband on Park Avenue,because he needs to buy flip flops,,,,,,,,
53,Harry is going to survival camp with Mike at the weekend,,,,,,,,,
54,Skye and Holly are interested in going to a cabin in the countryside for the weekend,,,,,,,,,
250,Holly will enquire with her friends who own it if it is available,Tesla and SpaceX and is s creating the first passenger shuttle to the moon,The tickets cost around $ 35 million,but the event is going to be streamed in HD via satelites,The date is yet unknown,Tiffany wants to buy a VR headset,,,,
56,Andy,Maddison and Cindy agreed on the date - Friday,Andy will buy the tickets,so Andy offered to pay,,,,,,
288,he will pay and the girls will give him back the money,Jen is about to break up with her boyfriend,Jane knew from the beginning that they were not a good match,,,,,,,
57,Emmanuel baked a pear crumble cake,He added mustard sauce,His boyfriend tries everything Emmanuel cooks,,,,,,,
77,He put too much sugar,Josh and Sally went to a great party at Tina's place,,,,,,,,
141,because she has some disorders and needs to be medicated,She doesn't have money for the therapy now,She had worked for 14 hours yesterday,she is not sure if she is going to call him,She has found some are in a bad condition,According to Peter,In the past she had,so she will be fine soon,Home methods don't work for her,She takes medications that seem to help
59,Eric is making sure how many people are keen on paddle boarding and kayaking next weekend in Manzanillo,Eric is going to pick Val and some other people at the corner house,The friends will meet tomorrow at 8 pm to discuss that,,,,,,,
191,Tomorrow,Allan managed to get half a bucket of paint for Frank,He will get more in the afternoon,Frank won't lend him the car but he'll pay for the taxi,,,,,,
60,Elian did some house chores today,,,,,,,,,
61,Tina is going to buy the tickets,They are 30 both ways plus 10 for checked luggage for each flight,She also organised flights and hotel for next week's trip,,,,,,,
336,Tina and Laura are going to leave on 14 Jan and be back on 20 Jan,Tina and Steve are having pasta for dinner,They'll do the shopping together,,,,,,,
62,Viv is working a lot,Daniel is going to Morocco for 6 days in January,,,,,,,,
63,The team Boston has won for the third time this decade,Zack is a huge fan of theirs,Boston have a serious young rival - Toronto,there's still no match for Boston,who have a record of 108 wins,On Saturday there will be a victory parade,Hew went there last year already,He will be in Boston next weekend,,
107,but in Zack's opinion,Donna is proud of Oliver for getting good grades,Rachel is happy for Jay as he got into his course,Rachel and Donna have a disagreement on their sons' education,he has written 30 pages,,,,,
65,Tristan left his wallet at Laura's place,Laura's place is messy after the party last night,Tristan got the wallet from his grandfather,Tristan will pick up the wallet later and help Laura clean up,,,,,,
66,Jackie has been shaking all day,,,,,,,,,
198,She should go to sleep early,They will go to grocery store together and Mark will make Thai food later,Angie gave birth to Maya at 5:20 AM,,,,,,,
67,Jane came back to her old boyfriend from Southampton and Taunton,He has a girlfriend who studies law,Jane wants to meet up with Chris' wife Soph,,,,,,,
314,Her son works as a lifeguard but wants to get into teaching,William misses her too,Sophie accepts some quince from Noah,Noah has left the quince in a basket on his terrace and the twins can pick it up any time,The twins are in college,Noah's son is in the military,Tam,,,
69,Alex will pick chairs that match new table for Sarah,She will buy finder's fee and he will get a commission from the shop Nei Interiors,As the table is bonde wood,chrome or black would work well with it,,,,,,
71,Ethan and Abigail are going to buy presents for their family,She will only buy the most important things,,,,,,,,
72,Patricia and Chloe went out last night,Patricia liked a man and got his number,Chloe thinks he is handsome,Mary tried to comfort Patricia too with no effect,,,,,,
73,Mary and Meg moved tonight's meeting at 7 at Grand Cinema,30 was too late and Meg needs to go to school early tomorrow,They'll meet tomorrow at Grand Cinema,,,,,,,
278,as the earliest option at 8,Finn and Zadie are going to Elephant and Castle tomorrow at 2,,,,,,,,
232,"Aaron has watched ""My Giant Life"" series",The band has a concert soon,Victor is going on a concert with his friends and asks Aaron to come,Everyone buys their own tickets,Aaron should call Roman,,,,,
74,It was about a tall girl,who's never had a boyfriend and wants to stay a virgin till marriage,and she wants to join them,but she never fulfilled them,,,,,,
104,Ryan,Ryan claims that May's decision to postpone voting on the Brexit deal will buy the PM an extra time for campaigning,Ryan and Sam agree that there'll be the hard Brexit,Ryan supposes that the Tories will topple May soon,,,,,,
152,Danny,The match was sold out,Danny and Woof are looking for a hotel,Danny's favorite is Starfish in Varadero,The resort is three hours away,,,,,
76,Chloe and July prepare a shopping list for their trip,,,,,,,,,
317,They are going to buy food,They set up for a meeting tomorrow,Cindy has made arrangements for today's meeting at 2 pm in the conference room,Don is appreciative,,,,,,
213,drink and some cleaning stuff,They are packing,unlike her Master's thesis,Ella and Matty are both busy with the workload at university,Ella is studying biology and enjoys it very much,Matty is into geography and politics,They talk about everything,,,
105,going for a run,Stella has to go shoppping tonight,,,,,,,,
203,he is staying in bed,Daca was supposed to have an operation but he was returned,"Doctors recommend Daca and Jaca go to the Institut for ""Mother and children""",Ostoja is waiting for them in front of main entrance,,,,,,
200,They might see each other in the evening,After work Ben will go to the gym and do the groceries requested by Jill,,,,,,,,
78,Gabrielle is disappointed because Marty didn't take a good care of her car,Gabrielle found her place dirty,and its food bowl empty,,,,,,,
144,Snowhite,Pat found dad's old Atari computer,Pat,Drew and Jack talk about River Raid,Final Fantasy VII games,Jack quotes Finnish metal band lyrics,,,,
261,the cat sick,The Lethal Weapon,Mat named his dog after one of his favorite novels,Mark recommends the novel and Anna is keen to read it,Fluffy and Butters,,,,,
283,They argue about their relationship and break up,Fatima is worried about Jenson and Alene,Alene has issues,Lincoln doesn't want Fatima to worry about others too much,,,,,,
79,Ava is going to Europe with her parents,Joe would like to visite Southern Europe,Olivia has not been and would like to go to London and Paris,who lives in Michigan,,,,,,
80,Oliver is leaving tomorrow morning,unfortunately Erik is not able to meet him at the station to say goodbye,,,,,,,,
117,They plan to meet up in holidays,He has always liked showing off,Louise is fed up with looking after her kids so Mari will take them somewhere on Friday,Harry is home from Brussels on Friday,Louise and Mari will have a lunch at about 12/ 12,30ish and then will take the children swimming on Thursday,Following Mari's advice,only 3 days off and the town is far away,with her husband and 3 children around,
81,Anna and Nina are going on a trip together,Anna's father is too busy to drive them to the airport but maybe Manny will do it,Nina should take comfortable clothes,,,,,,,
82,Joanna changed her fb picture and some of her facebook friends started to hate her,Joanna and Matt hate this government,Joanna will hide her events list,,,,,,,
185,She has about 2000 friends,Tom will throw a surprise birthday party for Kate but he doesn't know all her friends,so Sharan will invite them,Tom sent Sharan a card with all the details,John will assist with making the guest list,,,,,
83,Mark changed a network,Alice is going to check if they have family plans,,,,,,,,
167,He's satisfied with the reception,Her mum will give her the money back,Adam and Marlene don't want a big reception,Mom wants to invite 200 guests and pay for everything,Adam and Marlene prefer to travel,They will come to Mom tonight to talk,,,,
84,Abdul and Erma are having a fight,According to Abdul,Erma's parents hate him,telling her parents about her relationship problems with Abdul,should not accept them,,,,,
197,and she behaved unfair,Eve has to come back to the office on her day off,who dislikes Eve and has already done such things out of spite,On Anton's advice,Eve might fill in a complaint against her,,,,,
354,when he was sitting right next to her during family dinner today,Toby proposed to Susan during their romantic weekend in a cosy hotel near the beach,,,,,,,,
85,Liam is looking for a present for his mother's birthday,,,,,,,,,
86,Donna and Klara will meet tomorrow for a coffee at 2 pm,Klara wants to ask Donna about something personal,,,,,,,,
87,Alyssa moved out to a beautiful place,but she doesn't understand the language people speak there,Ellie will visit her some day,She's working,but she's unsure of her language abilities,,,,,
330,She started a new job and attends language classes,They checked out one flat,John and Annie are moving to London because he lost his job in Germany and found a better offer working in IT here,Annie isn't happy with the move,Amber,Erin offers her place but Amber plans on staying with John and Annie,,,,
88,Claire and Max went out last night,Claire was sick at 4am and she's hangover today,Max is on the plane to Lanzarote,Claire cooked dinner for Annie but it was terrible,,,,,,
89,Paddy and Leslie are going to a staff function tomorrow in the Brasilia,Leslie's husband will drop her off and Kirk,Paddy's partner,will drop Paddy off,They think students wear too much make up,Leslie hopes Amy keeps her as a teacher instead of Robyn,,,,
90,Lucy is in Marrows looking for a blouse to go with a skirt she got from her mother,She was at Gap in High Street but didn't find anything,She tries on several blouses and finally,decides to get a cream silky one for 43$,,,,,,
91,Bruno wants to go to Prado tomorrow,Anton can go at 5,but Alba has to work longer,Anton suggests Alba can join them for drinks after to which Alba agrees,The exhibition in Prado is about life and death in Spanish baroque painting,,,,,
339,30,Frank wants his stuff,Dick is going to buy an apartment in Frank's neighbourhood,Dick and Frank are going to see the apartment in 30 minutes,,,,,,
92,Noah is looking for a gift for his friend,His friend is interested in board games,Jaipur or Hanamikoji,which turned out to be decent,,,,,,
231,so as Tom,Tom and Alex had fun last night,They drank a lot and Tom has a hangover now,,,,,,,
248,Tom suggests Onitama or Patchwork,Internet connection is bad where Tom is,Tom will send more materials from Ireland in a week,Tom wants to sell a moisture meter for grain-like materials in the UK that is already available in Poland,Tom might need Vicki Ellen's help,Grain is Vicki Ellen's father's old business,Tom visited India,,,
93,Steve is going to Spain this summer but his friends are still discussing where they could go,but Masher forgets to go,,,,,,,,
94,Peggy can give the book to Jane when she travels to Belgium at the beginning of December,Jane will let Peggy know if she wants the book,Peggy will write to Jane at the end of November to schedule their meeting,,,,,,,
95,Jasper and Ivan are going to play an online game together,,,,,,,,,
96,June's cat has to wear that for 10 days,Rob will take June and her cat to the vet on Thursday at 6 pm,,,,,,,,
97,Megan forgot about grandma's invitation for dinner tonight,She would rather skip it,She doesn't use any spices,Megan and Harry will go,,,,,,
257,because she doesn't like grandma's food,Steven wants to discuss with his children a gift for Mum's birthday,Margaret suggests a food processor,Lesley mentions a spa break,They will buy a spa break,,,,,
341,Eventually,which paralysed the city,Simon has enough of waiting and goes by himself,The Year Without a Santa Claus,Simon and Charlie admire Poland for its anti-immigration policy and the way it defends its values and interests,,,,,
99,Chris will be up there from 12/27 to 01/03 and for a week post Mardi Gras,He has already booked the houses,Chris and Ian are going to the Tropical Fruits Party for New Year's Eve,They'll have drinks at Chris before the party,Ian is in a meeting,,,,,
128,They want to go there by minibus,Moira is in Havana and is taking photos of art deco style buildings,especially in the suburbs,Barbie suggests she collates the pictures in a portfolio and sends it to the Architectural Review,Afterwards,,,,,
100,Holly and Ute watched the latest episode of You Can Dance,Jordan was kicked off,Holly and Ute will meet on Friday to drink wine and watch TV shows,He is still single but reportedly not gay,,,,,,
101,Lucy wrote a private message to Nate,Jessica forbids her from writing to him,Lucy and Nate were friends before Jessica started dating him,Lucy is comforting Ricky,She doesn't know if she wants to continue this relationship,Jessica posts a lot regarding subjects she does nothing about in reality,,,,
183,Lucy will be in touch with Nate anyway,Gary thanks Lucy for a surprise party which Sue organised,He wants to throw a similar party for Marjory's 70th birthday,Lucy will help him and look for a place to throw a party,but it didn't help,They'll meet for a tea at 6 pm,others will think if they can join,,,
102,Mike supports Manchester United,Oliver supports Liverpool,Mike wants to bet with Oliver that his team will win the trophy,,,,,,,
279,Max,Ray is locked in the room from the outside and he has to pee,Max's roommate will come and let him out,,,,,,,
103,Daniel and Henry have watched the season finale of a series,Henry was disappointed by the finale,Daniel and Max rather liked it,Max liked the whole season,Henry thinks the finale was hurt by the uncertainty of the series' renewal at the time,,,,,
281,The series got renewed and will air next year,Danna has a boring weekend and is watching TV,Reed is in bed,,,,,,,
293,She is going to watch some TV,Betty and Phil are meeting at 6,They will have dinner at Phil's afterwards,They will meet at 6 PM at her house to prepare for the evening,,,,,,
106,Maria and Peter had sex last night,Maria reckons he's sensitive and caring,Gabi and Geri are happy for Maria,,,,,,,
108,Lisa is planning Susan's birthday party next Saturday at 8 pm,Tom will take care of booze,Tom and Tony will chip in for a ticket and Lisa will buy it as a gift,They'll meet tonight at Lisa's,,,,,,
109,Kelly has recently changed a job and feels lonely in the new one,30,,,,,,,,
118,missing her previous colleagues,Wendy brought back her dog that Rose thought was lost,,,,,,,,
110,Alie cannot find her earphones and she believes Nat has lost them,Nat frequently uses Alie's earphones,,,,,,,,
111,Mia has Ada's stuff packed in her car,Peter will be in Ada's place in 30 minutes,he has the key and he will let Mia in,Ada will send Mia his phone number,,,,,,
112,Hannah is in Lisbon,Terry is at the gym,Hannah is in Cascais,She and Mike ate breakfast in a bakery,Terry will get the address of a restaurant he ate at for Hannah,He plans to play basketball with Mike one day,It's quite poor,has a birthday tomorrow,,
173,Alice,Poppy and Alice are meeting for drinks after work at Nick's at 5:30,Alice fancies Fred,,,,,,,
113,Maria and Barbara will meet on the weekend to watch Alice's wedding photos,They will also invite Kate and Lilly,,,,,,,,
114,According to Adam,Karen's presentation at the conference was impressive,Adam will visit Karen's office in March,,,,,,,
115,Mark and Emily will go on a romantic date on Friday at 7 p,Later they might go to the Dragon's Den,Emily is going to dress up,Afterwards,,,,,,
116,Yesterday Dianne ate lunch with Andy,Dianne forgot her purse,,,,,,,,
333,because he's earning a lot of money,Samuel's language is Telugu,which is spoken in south east India,It has nearly 90 million speakers; it's written left to right; it's based on Brahmin script,Teluguland has 23 provinces,"""Anna"" means ""elder brother"" and Thammu or Thammadu - ""younger brother""",Tim's 55,Samuel's 35,,
119,There's a bomb threat at the university,Roman wanted to visit his parents but he might miss his train,Landon thinks the person responsible should be expelled,,,,,,,
120,Brian managed to get tickets for Lucas and Michael to the soccer match next week,but Brian's dad's friend is the team manager and he arranged the tickets,Lucas and Michael will give something to Brian and his dad to thank them,Michaela,,,,,,
121,Janice will look for a new job soon,It's yet another job,,,,,,,,
122,Enoch woke up and hopes the fever's gone,Mattie went shopping to the grocery store and is in a club,,,,,,,,
188,but waits for the spots to go,Oliver found out that they misunderstood the rules of the game,Emily and Chris think they should play the game again,Emily,which involves additional responsibilities,,,,,
123,Pete's video file is too big to send to Thomas by phone,Pete will upload it to Google Drive and share it with Thomas so he can download,but thinks it's good so far,,,,,,,
124,Adrian will grab the orange tiles on Sophie request,Sophie wants him to make sure they aren't too dark,Adrian will see Sophie in a bit,how they like them,,,,,,
125,Dan's wife gave birth to a baby girl yesterday by cesarean section,Dan's wife will have to rest for a week after the procedure,Mary will visit Dan's wife soon,She is expecting a baby,,,,,,
327,Bringing them up was not always easy,Farrah shared his collection of fossils with the class,and Enrique was very impressed,Enrique would like Farrah to show the collection for the 4th grade students as well,,,,,,
126,Bob has a problem with his eye,he has fever and a runny nose,Bob has to work on Saturday,so he moved his lunch with Diana to Sunday,,,,,,
138,Jamie's teething,Nathalie hates the woman who lives in the next room,She annoys Nathalie,listens to her conversations,she used Nathalie's dish sponge without permission yesterday and she has smelly feet,Jamie,Jamie,,,
129,Alice and Patricia will join John and Ann at the prudential shopping mall to enjoy the festive atmosphere,,,,,,,,,
130,"Amanda's name means ""worthy of love",""" Jeff's name means ""peaceful pledge",""" Steven's name means ""crown","Camile's name means ""born free",""" It's a French name",,,,,
215,""" ""noble"" and ""the perfect one",Matthew and Anthony are going to Greece this summer,Their itinerary includes 5 days on Rhodes,Lisa plans to join them,She will stay in Thessaloniki when they go to a male-only holy retreat in Athos for 3 days,,,,,
131,Gina will check out a hotel or spa voucher as a gift for her parents 30 anniversary,,,,,,,,,
226,Bruce is in Manchester till Wednesday,Debra is considering finding a new job,Debra and her mother are still unemployed,Debra's mother is depressed after her father's death,Debra is grateful to Bruce for his concern,,,,,
132,Ari will meet the client on Friday morning,They all need to meet to discuss the case,Ian and Ari will meet tomorrow after lunch,They will meet for lunch later on,so they will meet on Tuesday at 7pm,,,,,
133,Fred would like Great Britain to stay in the European Union but according to him the EU should evolve,Stephanie is sceptic if it's possible to find a solution on which 30 countries would agree,so it's not a good sign,Brazil and Chile,,,,,,
134,Last time Brenda and Jill met,Jill was dating John,Brenda's ex,Jill has since broken up with John,Jill and Brenda are going shopping on Saturday at 10 am at the mall,,,,,
135,Luke is grounded and he does not want to fight with his parents anymore,Bruno is making fun of Luke,Luke decides to go out with his friends,,,,,,,
136,Jeremy wants to go out with Ben,Susan and Kylie are going to the cinema Friday at 8 pm and Ben will join them,she will invite him and a bunch of other coworkers,,,,,,,
137,Arlo googled what an 'eight-track tape' is,,,,,,,,,
139,Ella and Jose are going to watch Kler at the cinema at 7:30pm,The cinema has a discount for Mondays,,,,,,,,
140,It's very cold,Kimberly doesn't want to go to Karen's party tonight,When Parker tells her that Ricardo will be at the party,Kimberly changes her mind and decides to go because she likes him,Kimberly and Parker will see each other at Karen's,,,,,
249,she plans to stay in and watch tv in her pyjamas,She will confirm how many guests are coming,Amy and Jessica are planning a surprise birthday party for Julie,whose birthday is on Wednesday,,,,,,
142,Brian needs Melissa's toy,Mellisa looks upset in the picture Brian sends,Rasha will deliver the toy by car within 15 minutes provided traffic isn't bad,,,,,,,
143,Chris attended a Halloween party at Luke's,He has just woken up in the neighbour's house,Chris probably trespassed on their property,Chris would like to date her,,,,,,
266,it's still working,He's single,Chris and Peter are going to a party,Chris is bringing sparklers,He'd like Tracy to come,but Peter's not sure if she will,,,,
145,Lynn is afraid to talk to her manager about her work stress,She might look for a new job,,,,,,,,
146,Frank saw the comedian Patton Oswalt last night,He got two tickets from his friend and asked Jenny from bingo to go with him,,,,,,,,
147,Debra's boss yelled at her again for something she didn't do,,,,,,,,,
148,Mia has had her scan and she doesn't need a surgery,Mia has also problems with her liver due to the pills she has been using,Mia will speak to Jane later,Jane is going to support Jen,,,,,,
149,Martha left a rude note for Rufus so he talked to her face to face about it,,,,,,,,,
150,Chris is on the corner of Station and Church St,Chris has been looking for the place for the last 20 minutes and couldn't reach Jim over the phone,Jim gives Chris directions about how to get to the place,Jim will open the gate for Chris in 5 minutes,Jim has to lock up the dogs first,There's little room in the garage to park,,,,
151,Mary and Tom need some suggestions for bigger summer holidays with children and Amanda,Jeff recommends Mauritius instead of Maldives as it's not that expensive and nice for children,Jeff suggests flying with British Airways even though he always flies with Air France,they've heard it's good,,,,,,
153,Matt is working for an event organizing association,where he's in charge of social media,where Matt is not getting paid,Some of Matt colleagues can be unprofessional at times,Matt and Alex will meet on Saturday at Alex's place,Their tweets are badly written,,,,
307,especially Twitter,Nancy asks Vic and Phil about various social media,which prompts them to discuss and compare the different platforms,Phil is not into Instagram but likes Twitter,Vic prefers Facebook over Twitter and likes Instagram,Phil and Vic both don't use Tumblr,,,,
154,Andy and Jane both liked the new film by Quentin Tarantino,Jane is going out on a date and Andy will come over shortly to help her choose what to wear,,,,,,,,
156,Pete and Kate have anniversary,Pete,Mark and John decided to buy tickets to a concert for their girlfriends so that they will have a night out together,,,,,,,
157,Marshall can't afford RDR2,Lucas is hyped with the game,Marshall wants to play it too,,,,,,,
158,Mike brought Dora a doll which Laura no longer needs,The doll was made by Aitra,who passed away,Laura knows that Dora and Aitra were friends,and wants Dora to have the doll as a remembrance of Dora's late friend,,,,,
159,Riley went to the pharmacy to get medicine for Mr,Cooper has a headache,The pharmacist finds something that should help Mr,Cooper,,,,,,
205,Cooper,Cooper is working on proposal,He will come over to Cooper's place at 5pm,,,,,,,
160,Matilde and Marco decorated their house by themselves,and Agnes is impressed,Agnes wants Matilde to give her some tips as Agnes is about to buy an apartment,Matilde advises her,,,,,,
161,The hairdresser Susan is unavailable,so Pam will look for other hairdresser recommendations online to do her hair for Joe and Sue's wedding this weekend,,,,,,,,
162,Rachel and Matt want to get off work earlier today and visit Rachel's parents,Matt is planning to give Rachel's dad his old computer,They'll eat in Casa Italia,Matt will make a reservation,Rachel checked their menu,,,,,
323,Rachel feels like Italian food,Raymond can't decide whether he wants pizza or pasta,He invites Charlotte over for a dinner at 15,,,,,,,
178,They'll meet at 4,Mayweather beat McGregor in a boxing match,,,,,,,,
163,Penny got herself macrame cords as birthday gift,She will make macrame for Andy and his mum,Penny's new job is going well,Andy has almost finished his thesis,,,,,,
164,Vitor had 3 exams this week,His grades from France were recognized by his university and some of them are good enough that he won't have to repeat the subjects,Joe has spent the week working on his dissertation,Joe is getting ready to go out,,,,,,
274,one didn't go well,Jesse,Melvin,Lee and Maxine are going to take part in the Christmas charity action of the foundation called Refuge,which helps women and children who escape from abuse,,,,,
334,so he may be able to finish in one year,Stewart and Shari find the current president ignorant and incompetent,They hope he gets voted out,Stewart is going to see what possibilities there are of volunteering in the upcoming elections,,,,,,
165,Janette dislikes having to read their tweets as part of her job,Janette would not like to change her job,,,,,,,,
166,Mell had some problems with formatting the bibliography for her article,Jacky has helped her solve all of them,,,,,,,,
170,Georgia and Juliette are looking for a hotel in Lisbon,Juliette dislikes Georgia's choices,Juliette and Georgia decide on the second option presented by Georgia,Finally Georgia books the third hotel,,,,,,
180,but it has already been booked,Sandra has booked a riding lesson for 20£ an hour on Friday,Olivia will join her at 5:30 and the lesson starts at 6,,,,,,,
171,Madison is pregnant but she doesn't want to talk about it,Patricia Stevens got married and she thought she was pregnant,,,,,,,,
172,Marla found a pair of boxers under her bed,Marlo,,,,,,,,
174,Amanda goes to dancing classes with Michael,She volunteered to show the English Waltz steps with the instructor yesterday,Amanda is shy and goes to therapy,She's pregnant,,,,,,
175,Theo's going to stay near Torino in the region of Italian Alpes,Toby wants to join the trip,Theo agrees and will pick Toby up on Friday at 7 am,,,,,,,
176,Marta is grocery shopping for dinner,She and Nick will make lasagne,,,,,,,,
177,Aubray wants to watch Bollywood movie with Kate tomorrow,Kate doesn't like this type of movie,she agrees to join Aubray,,,,,,,
201,In the end,Ricky will have his first surgery tomorrow,He was surprised that doctor called him and offered a surgery date so soon as in the hospital he was told to wait until 2026,He will have his knee done in Burlington,She's in Pietermaritzburg,,,,,
179,Roseanne wanted to go out for a beer with Kyle and Vince,and leave her kids with Megan,Megan will clean the house and give Roseanne's kids her famous chocolate cookies if they help,what made Roseanne change her mind,died yesterday,,,,,
181,Shantelle left the coffee cups in the kitchen and as a remedy will bring biscuits and make a round of drinks in the office tomorrow,,,,,,,,,
182,Erica is having trouble with calculus,Erica will start a study group instead,but didn't tell Ross about it,,,,,,,
210,She doesn't want to ask Paul for help,Evelina tried to FaceTime Paul but Paul has a stomach ache and had to go to see a doctor,The doctor prescribed him some herbal medicine that is difficult to find,If that does not help his indigestion then he has to do an ultrasound,Evelina suggests him to go to a pharmacy by a gas station,,,,,
221,Nick is injured so he can't play football at the moment,Nick doesn't have any Halloween plans,He explains to Chris that we go to cementary and spend time with our families for November 1st,Chris changed his name for Arthur for the party yesterday,,,,,,
184,It happened when he was riding a bike with a friend,Laura thinks it's funny,,,,,,,,
186,"Josh was at the concert in the ""Devil's den"" club",He saved a cat on the street last week,,,,,,,,
187,Jen and Rick are on holiday just outside Shanghai,,,,,,,,,
189,Amanda's iPhone is no longer charging,She tried with her sister's charger,It might be the cable or the charging port,She'll get a cheap replacement cable to check it,,,,,,
190,Howard wants to take Jane out for a romantic dinner,Jane is a trans woman and has a penis,Howard doesn't like it,,,,,,,
252,Allan's car broke down this morning,but Allan has got only half of it,Frank has got only 20 to pay,He wants Allan to get as much as he can for it,,,,,,
192,Michelle and Alex organized their holiday,They will spend two weeks in Croatia,Alex will book the trip,Michelle will exchange the money,,,,,,
194,Lizzy with the help of Sia is picking up make up for the night out with Marco and his friends,,,,,,,,,
195,Iris's still in town for 2 days,She's planning to buy the Nina Ricci pink apple for Flo,a small coffee machine for mum,a Brook saddle for her brother in law,a small travel clock for Ted and a cap for FR,Diana will bring foie gras and oysters,,,,
291,She has venaison and smoke salmon planned for meals,Hannah's New Year's resolutions are: work out,Brooklyn didn't make any,,,,,,,
196,Miranda,Danny and Doro will go to London to visit Ella,Ella cannot organize them hotels for their stay so Danny found an apartment for 1500 PLN on airb&b,,,,,,,
265,It's probably the fault of Charlotte Briggs,when Jill finishes work,She stayed longer to stretch,Doris' sister had a heart attack on Tuesday and is recovering in hospital after having 2 stents fitted,she walked a 21 km marathon on Sunday,Doris may stay with her and help once she's back home,,,,
199,Isiah can't go to the game tomorrow because Melanie is sick and Rachel has two other kids to take care of,Antonio doesn't want to go to the game alone,He's going to ask Karl to use Isiah's ticket,,,,,,,
301,He will be home about 7 or 8,Rob and Bob are watching the game,Bob will run some errands on the weekend,Jim's birthday is next Wednesday,He might organize a meetup this weekend,Bob will see Rob on the weekend,,,,
202,Jim has one more semester at school and he is filling out a job application,Mary misses him and she will be in town for some Christmas shopping,,,,,,,,
204,Margaret is going to teach her classes tomorrow according to schedule,Margaret prefers that students write her messages on her e-mail address instead of Facebook,Margaret hasn't read the whole 2nd chapter of  Alice's thesis yet,The teacher sent them the presentation subjects via e-mail,They are going to meet near the university and go somewhere else instead,,,,,
206,Nadya has a headache because her neighbours' cleaner is being loud,Sean will have breakfast after he does yoga,,,,,,,,
207,Esther is at the concert with her flatmate,Bennett will drive 1000km tomorrow,He has a comfortable car,,,,,,,
208,Heather informs Jason that Harold's website offers a 50% discount for all the stock,Jason can finally buy tennis shoes and something for his mom,Heather already has 3 shirts on the cart and wants some jeans,,,,,,,
209,Mila's studying food and nutrition at UBC,Jason will be in Vancouver in February,,,,,,,,
211,He sends Masher to pick Joe up at 7,Simon is going to buy groceries (yogurts,,,,,,,,
212,Emily will book a table at Angelo's,Patrick will buy presents for Rebecca's birthday,,,,,,,,
292,Julia,But Hillary thinks she does it to death and lacks real life,They will try to keep a diet,,,,,,,
214,Charlie passed the CLO exam and reveals to Kobe that it was possible because he had the Internet access and the person supervising didn't react on Charlie's cheating,Henrique helped Charlie as well,,,,,,,,
224,5 in Crete,4 in Athens,and a drive to Thessaloniki,Marion enjoyed her holidays in Greece,Marion wants to go back there next year and Robert will go with her,,,,,
342,Mari had a visit from her sister with the twins and they were misbehaving,The weather is awful,They will get a lunch this week on Friday,Gloria and Mell plan to have a barbeque at Mell's place on Saturday,because Tad's sister moved to Scotland,Mell needs Gloria's advice on garden design,,,,
216,Mari's mother will take Ethan to the nursery tomorrow,Dave will stand up to his boss who has been a bully,,,,,,,,
217,Tim will pick up Chris at 3,Chris will help Tim with a new sofa,they'll go for a beer to the new pub near the university,,,,,,,
237,30 today,April wants Archibald to join her for a bike ride tomorrow,He is taking his father to a family friend's funeral and will only by available after 1 pm,April will meet him then at their usual meeting spot,,,,,,
219,Ramsay recommends to Julie the following Christmas movies: Home Alone,National Lampoon's Christmas Vacation,Nightmare Before Christmas,the Santa Clause films with Tim Allen as Santa,Rudolph the Red Nosed Reindeer,,,,,
222,which makes Gina and June unhappy,Gina wants to call in sick and stay at home with Netflix,whereas June is already at work,Gina tried taking pills to get rid of the winter depression,but it didn't work so she waits till March comes,,,,,
223,Juan is going to travel to Brazil,working as a mechanic in a car factory,Now Juan needs to rush to the airport,,,,,,,
352,his flight is at 3,Michael is returning from trip to Argentina,Michael doesn't like his job,he thinks of quitting it and leaving London,Kai's been very busy recently,She has a conference on 8th of December,,,,
227,Ryan forgot to submit a programming project before the due date,Ryan's teacher demands he deliver the project now,Isaac sends Ryan a game he developed last semester,,,,,,,
228,Ed has just woken up,Liam is awake and needs to get to school earlier for band practice,Ed didn't know that,Ed is leaving town for work that week and might not make it to the concert,Ed and Jill consider eating out,The concert starts at 7:30 and they will meet outside at 7,,,,
229,Peter and Jen are coming to Warsaw for the weekend to buy some things for the new apartment,They will stay at Alex's place and have a party,Jen and Peter like their new apartment but their neighbours complain about them making too much noise,They'll come on Saturday,,,,,,
233,Mack will speak to the landlord next week,Hakim wants to go to the Italian restaurant with Mack,,,,,,,,
234,Alexandra is too busy to visit her relatives during Christmas,She may come at Easter and will definitely come in the summer,Joanna misses Alexandra,,,,,,,
277,She has a lot of work,Mark told his sister that Mary is doing an online job,Mark's sister is contacting people to confirm it,Mark thinks she's jealous,Mary hates Mark's sister,,,,,
235,Bob and Alice discuss the panel which will take place tomorrow,Bob asks Alice's advice on what to talk about,Jimmy and Alex consider dividing the class into groups by gender,,,,,,,
236,Karson is making spaghetti for dinner,Finley wants to meet but this won't happen soon,,,,,,,,
238,Jody hates ironing,She irons them because last time he did it,he burnt her favourite shirt and two of his own,Lynn suggests buying an ironing machine,Jody will visit her tomorrow around 2:00 to see how it works,,,,,
294,especially her husband's shirts,Sam sent her Tom's photo,Sam wants to buy a custom dress as a surprise for his wife,It should be black and elegant,His product number is 898998 and he will place the order on the company's website,,,,,
269,He knows how to play hockey and skate too,Jane is in Warsaw,Ollie and Jane has a party,Jane lost her calendar,Ollie accidentally called Jane and talked about whisky,Jane cancels lunch,,,,
240,Olivia went on a date,He invited Olivia to the cinema again,,,,,,,,
241,goat cheese and the Italian smoked sausage) and a shampoo for Nora,Nora nad Simon are seeing each other tonight,,,,,,,,
242,Peter and Dorothy have to be there at 7,but when Peter arrives he wants to take a shower and eat something,,,,,,,,
243,Will has had his garden done up and has put a temporary pool there,Will is satisfied with the work Jack has done in his garden,Damian's parents want similar work done in their garden,Will passes Jack's contact information to Damian at his request,,,,,,
244,Wanda's uni is going pretty well,She studies in Leeds,She's going to visit Helena next Thursday,Helena is considering becoming a history teacher,,,,,,
245,Lisha's computer appears to be broken,Rasha will check if the electronics shop in her area can help,Rasha will lend Lisha her computer,Lisha needs it to finish her report on aboriginals,,,,,,
246,Nigel and Hannah are going to the bookstore in Kastanienallee after Nigel has brunch with Tristan and Hannah has her hair done,,,,,,,,,
247,Joshua found a possum in his backyard,,,,,,,,,
251,Brian will call the plumber to come and fix the broken pipe today by 8 pm,Jess is going on a date and she needs to shower before or reschedule,,,,,,,,
253,Luisa has had no luck selling her house yet,It took Leu 2 year to sell his apartment,Bill has a drinking problem,Luisa has stopped trying to help Bill,but he's not going because of his grandma's health problems,,,,,
254,Steve will order the second display,He needs to make sure he can connect his card to it,,,,,,,,
255,Sarah was at a yoga class today,The new instructor's exercises were easy for Sarah,Nina and Sarah will go to yoga together on Mondays at 6 PM and on Thursdays at 7,water and a towel for her first class,Sarah will get her time off from Monday to Wednesday,,,,,
258,Max and his friends watched the video about cannabis,Allen believes that long term use has no consequences according to the research,Jeremy explains it wasn't long term use but rather an occasional use,Mark reckons they don't affect the lungs,Virginia thinks MJ users won't believe anything bad,S,,,,
259,Dylan went to a barbershop for the first time,The barber tidied Dylan's facial hair,Natalie hates Ian's unibrow,Dylan won't talk to him about it,,,,,,
350,brows and nose hair,Violet will make an appointment at a waxing salon,,,,,,,,
260,Yanick and Sindey were talking after a history class,Yanick invited Sindey for a beer on Friday,,,,,,,,
285,Count of Monte Chris to,Chris and Tom are planning a meeting at Chris' place,Chris has a Jacuzzi in his garden,Chris has WiFi and can bring his TV outside,Tom has a low internet limit whenever he's outside of Ireland,,,,,
262,Tim accompanied John with looking for the apartment the other day,but the rent was too high,Following Alan's advice,John will negotiate the rent with flat owner,who was supposed to stay in their London flat for 5 years,,,,,
263,Alex has just received Rich's letter,They will meet at the Indian place on Main Street at 1 pm tomorrow to discuss a few points,,,,,,,,
264,Dorothy wants to date Tom from Sam's English literature,She also met him,,,,,,,,
267,Carla's date for graduation is on June 4th,Diego will try to come then,,,,,,,,
268,Greg cheated on Julia,He apologises to her,Robert tells Julia not to meet Greg,,,,,,,
270,Payton provides Max with websites selling clothes,Payton likes browsing and trying on the clothes but not necessarily buying them,Payton usually buys clothes and books as he loves reading,,,,,,,
271,Clara is rewatching Dear White People and strongly recommends it to Neela,,,,,,,,,
272,Beth wants to organize a girls weekend to celebrate her mother's 40th birthday,She also wants to work at Deidre's beauty salon,Deidre offers her a few hours on Saturdays as work experience,,,,,,,
273,Kelly is scared of sculpture garden figures in Finnland,she finds figure's faces morbid,For Ollie it's Nagoro village in Japan,it's creepy,,,,,,
275,Sebastian is very happy with his life,and shares this happiness with Kevin,,,,,,,,
276,Todays results show that Matt and Oliver got into Stanford University,,,,,,,,,
280,Kim needs to get some fresh fish in Warsaw,Kim will ask at restaurants about their source,Kim is planning something special but won't share any details with Margot for now,cook for herself,,,,,,
282,Ann doesn't know what she should give to her dad as a birthday gift,Fiona tries to help her and suggests a paintball match,,,,,,,,
284,Joanne is going to go back home to France for the holidays,She's going to cheer her mum up because her parents separated a few months ago,Evelyn offers Joanne to spend Christmas together if she brings her mum over here,,,,,,,
286,Maxwell pays Jeanice for 8 hours of babysitting and is grateful he found her,His son argued with a friend at school,and got agressive when the teacher reacted,Jeanice hasn't noticed if he has acted strangely recently,Maxwell and Jeanice can grab a coffe some time to discuss all the issues,,,,,
287,Leah met a creepy guy last night at a poetry reading,He knew she speaks German and named all the friends who went to a past event with her,She didn't tell him any of this,He googled her before,Leah had liked a post mentioning him 2 weeks earlier,,,,,
289,Poppy is not going to be home tonight but she won't reveal the reason to Dean,She won't be making dinner so Dean has to get something on his way home,,,,,,,,
290,Harris' friend,Aoki,Harris hasn't seen her for a few months,,,,,,,
295,Linda got a new job and is moving to Ohio for 6 months,Her brother will stay at her current apartment,Daisy will come by Linda's place to meet her and help her pack as she is too busy to go out,,,,,,,
296,Sonia is going to San Sebastian in a month,Toni enjoyed her the airbnb place there,Sonia isn't convinced about it and will let Toni know,,,,,,,
297,Malik and Samanta want to lose weight,keto or paleo,and go for runs together,,,,,,,
298,Sophia apologizes to Mason,She sends him a kiss photo on his request,,,,,,,,
299,Rory wants Mitch to take Bill and Sammy and they'll chip in for gas,Mitch will be leaving Sunday,Bill will arrive around 10 am Sunday and Joanna will be picking him,Mitch will meet Bill after,,,,,,
302,Miro speaks Albanian with his parents,His family left Albania illegally in 1990s,,,,,,,,
304,Sharol forgot about her sociology assignment,She needs to research feminist act,Kate has already finished it,and she rushes Sharol,,,,,,
309,and it's due tomorrow,Del accused Stanley of having an affair,because he couldn't go with her this weekend due to his work,They've only been together for 4 months,Now Bill and Stanley need to take care of the Lidem project,Division of tasks is on Stanley,because Alison is unreachable,,,
306,Nestor wanted to buy a laptop on Black Friday sales,but Olaf advise against it,as the prices in reality are not reduced,Nestor will check it if Olaf helps him to get a good deal from a guy he knows,,,,,,
308,Kelly wandered around and met some people from school,They almost didn't talk and he was with someone,,,,,,,,
310,Catherine applied for an accounting position at Pandora,Jake has been working there for 5 years,This job offers a clear career path and benefits,Jake got promoted twice with salary increase,Catherine will have an interview on Monday,,,,,
311,Ahmed wants Sharon to move in with him but she's afraid of her parents' reaction,Ahmed is angry,,,,,,,,
312,Gary is a driver for Uber and he really enjoys it,,,,,,,,,
313,Anastasia sent her new school photos to Darrell,,,,,,,,,
315,Ben won't go with Catherine to visit uncle Steve,He will visit her and the boys,,,,,,,,
318,James and Mia want to go to an art exhibition tomorrow,James wants Amelia to go with them but Mia isn't sure about it,James and Mia will go to his place afterwards,,,,,,,
319,Brett's cousin met his wife while playing a game together,Andrew's favorite game is the Final Fantasy,Brett and John haven't heard about it,,,,,,,
320,Rael finds the atmosphere at her workplace to be unbearable,Many people switch their career paths and move to the IT sector,Rael only needs good analytical skills and an on-line course to start work in IT,,,,,,,
322,Sarah paid 500 quid to go back home for Passover,Sarah is going to the desert with the whole family,Lia went to Negev last year,Passover is both Lia and Sarah's favorite holiday,Lia will talk to her mum about the tickets,Sarah is flying on the 28th,,,,
325,Reeve has no plans for the winter break,Booker is going to ski in Italy,Dodson and Trish are thinking of going to the seaside somewhere near for 3/4 nights,,,,,,,
326,Pat is interested in baseball and hockey,he doesn't know much about basketball anymore,,,,,,,,
328,Lorenzo took keys from airbnb and went to the room,He's waiting for Will and Amanda,,,,,,,,
329,Mary and Patricia are flying to Japan in a week,Patricia is scared of long flight,earth-quakes and tsunamis,James is comforting her,,,,,,
331,Kaylin has set her alarm for tomorrow,,,,,,,,,
332,Johny wants to go for a gig with Lucy,She prefers to go with Maggie and her best friends,The gig starts at 8 PM,,,,,,,
337,Zandra's daughter,The party starts at Tricia's place,so Erwin will deliver a birthday cake by bike,Zandra is taking care of the decorations,Tricia of the food and a company of the outside attractions,,,,,
338,Ross wants to do karaoke,Chandler wants to record it for fun,,,,,,,,
340,Rosemary and Victoria would like to record the drums this weekend,Rosemary doesn't have a working laptop,whereas Victoria's tablet doesn't have enough memory for recording,Rosemary will try to borrow a laptop from somebody and will get back to Victoria later,,,,,,
343,Matt and Tony want to go to the concert of Bon Jovi next July in Poland and are planning to buy the tickets that cost 250 PLN before they’re sold out,Phil will think about it and let them know,,,,,,,,
344,Anna got an awful stomachache at night but she doesn't know its cause,Her mom Joanna will make her hot tea with some fresh mint leaves,,,,,,,,
345,Karen got stuck on the road from the swimming pool to Waitrose so wants Peter to avoid it,Peter is not leaving until 6 as he he has to finish his presentation,Karen will see Peter in a bit,,,,,,,
346,Tina has to learn Demi's approach how to transfer from hating men to dating them,,,,,,,,,
347,Betty's house has mould due to condensation,Andy will send her a quote for the work needed by Friday,,,,,,,,
348,Aaron will give two lectures during the conference about relations at school at the Sesame Street,Claire will participate in mindfulness workshop,,,,,,,,
349,Daisy is in Naples,Charlie recalls their meeting and wants to see her again,He will come to Florence to see Daisy between 1-5 September,,,,,,,
351,Bart didn't do well this semester because he didn't study much,He played a lot fo StarCraft,,,,,,,,
353,Alejandro and Luz are going to meet in 2 weeks for the first time,Luz knows Alejandro very well already,Luz will be there on the 20th of December at 4PM,Alejandro will pick her up,,,,,,
355,"Josie finds Eco's novel ""Foucault's Pendulum"" nerdy",Josie would like to read Eco in Italian,Stefano considers Eco's two novels and finds them difficult,"Josie has read an unfavorable review of ""Foucault's Pendulum"" by Salman Rushdie",,,,,,
356,Bobby's most annoyed by pharmaceutical companies,He believes they invent diseases to make money,He discovered that one company is selling mints as medicine for an illness that doesn't exist,,,,,,,
357,Perry,Marlow,Janet and Forster discuss their holiday plans,Marlow would like to go to Asia,,,,,,
358,The client manager suited up,He has a presentation for a client,Lee pre-ordered the digital RoS CE and got extra in-game content: Wings and a Demon Hunter for Heroes of the Storm,,,,,,,
359,Rachel has a new siamese cat,a girl called Portia,Rachel discovered that is allergic to cats,She is sneezing,Adam consoles Rachel,,,,,
360,Mick's never done any student exchange before,but Amka did,Mick had a plan to go to London for Halloween,Amka will stay in as well,Mick tells Amka about Halloween in Poland,,,,,
361,Monica had sex with Ross at an office party two months ago,who's married,,,,,,,,
